DSS000000134738,DMV ALTERATIONS OAKLAND,AQ,Acquisition,16000,Project Management,16100,PM Design Mgmt.,4/13/2018 11:07:03 AM,4/13/2018 11:07:03 AM,31740,31740,I,I,04/21/2017,01-MAY-2012,29-OCT-2050,11721,,,,50
DSS000000136316,*030113 CDPH PAINT LAB BLDG B,CN,Construction,20100,General Requirements,20130,Pre Constr Project Planning,4/13/2018 11:07:03 AM,4/13/2018 11:07:03 AM,31740,31740,I,A,01/01/1901,01-MAR-2013,01-MAR-2023,11721,,,,50
DSS000000136316,*030113 CDPH PAINT LAB BLDG B,CN,Construction,20100,General Requirements,99999,General,4/13/2018 11:07:03 AM,4/13/2018 11:07:03 AM,31740,31740,I,A,01/01/1901,01-MAR-2013,01-MAR-2023,11721,,,,50
DSS000000136316,*030113 CDPH PAINT LAB BLDG B,CN,Construction,20500,Metals,20510,Metal Specialties,4/13/2018 11:07:03 AM,4/13/2018 11:07:03 AM,31740,31740,I,A,01/01/1901,01-MAR-2013,01-MAR-2023,11721,,,,50
DSS000000136316,*030113 CDPH PAINT LAB BLDG B,CN,Construction,20100,General Requirements,20110,Final Cleaning,4/13/2018 11:07:03 AM,4/13/2018 11:07:03 AM,31740,31740,I,A,01/01/1901,01-MAR-2013,01-MAR-2023,11721,,,,50
DSS000000136316,*030113 CDPH PAINT LAB BLDG B,CN,Construction,20100,General Requirements,20120,On-Site Working Trade Supv,4/13/2018 11:07:03 AM,4/13/2018 11:07:03 AM,31740,31740,I,A,01/01/1901,01-MAR-2013,01-MAR-2023,11721,,,,50
DSS000000136316,*030113 CDPH PAINT LAB BLDG B,CN,Construction,20100,General Requirements,20115,Mobilize/Demobilize, Travel,4/13/2018 11:07:03 AM,4/13/2018 11:07:03 AM,31740,31740,I,A,01/01/1901,01-MAR-2013,01-MAR-2023,11721,,,,50
DSS000000136317,*030113 CDPH PAINT RICH BLDG E,CN,Construction,20100,General Requirements,20110,Final Cleaning,4/13/2018 11:07:03 AM,4/13/2018 11:07:03 AM,31740,31740,I,A,01/01/1901,01-MAR-2013,01-MAR-2023,11721,,,,50
DSS000000136317,*030113 CDPH PAINT RICH BLDG E,CN,Construction,20100,General Requirements,20115,Mobilize/Demobilize, Travel,4/13/2018 11:07:03 AM,4/13/2018 11:07:03 AM,31740,31740,I,A,01/01/1901,01-MAR-2013,01-MAR-2023,11721,,,,50
DSS000000136317,*030113 CDPH PAINT RICH BLDG E,CN,Construction,20100,General Requirements,99999,General,4/13/2018 11:07:03 AM,4/13/2018 11:07:03 AM,31740,31740,I,A,01/01/1901,01-MAR-2013,01-MAR-2023,11721,,,,50
DSS000000136317,*030113 CDPH PAINT RICH BLDG E,CN,Construction,20500,Metals,20510,Metal Specialties,4/13/2018 11:07:03 AM,4/13/2018 11:07:03 AM,31740,31740,I,A,01/01/1901,01-MAR-2013,01-MAR-2023,11721,,,,50
DSS000000136317,*030113 CDPH PAINT RICH BLDG E,CN,Construction,20100,General Requirements,20130,Pre Constr Project Planning,4/13/2018 11:07:03 AM,4/13/2018 11:07:03 AM,31740,31740,I,A,01/01/1901,01-MAR-2013,01-MAR-2023,11721,,,,50
DSS000000136318,*030113 CDHP CARPET BLDG E & G,CN,Construction,20100,General Requirements,20120,On-Site Working Trade Supv,4/13/2018 11:07:03 AM,4/13/2018 11:07:03 AM,31740,31740,I,A,01/01/1901,01-MAR-2013,01-MAR-2023,11721,,,,50
DSS000000136318,*030113 CDHP CARPET BLDG E & G,CN,Construction,20100,General Requirements,99999,General,4/13/2018 11:07:03 AM,4/13/2018 11:07:03 AM,31740,31740,I,A,01/01/1901,01-MAR-2013,01-MAR-2023,11721,,,,50
DSS000000136318,*030113 CDHP CARPET BLDG E & G,CN,Construction,20500,Metals,20510,Metal Specialties,4/13/2018 11:07:03 AM,4/13/2018 11:07:03 AM,31740,31740,I,A,01/01/1901,01-MAR-2013,01-MAR-2023,11721,,,,50
DSS000000136318,*030113 CDHP CARPET BLDG E & G,CN,Construction,20100,General Requirements,20130,Pre Constr Project Planning,4/13/2018 11:07:03 AM,4/13/2018 11:07:03 AM,31740,31740,I,A,01/01/1901,01-MAR-2013,01-MAR-2023,11721,,,,50
DSS000000136318,*030113 CDHP CARPET BLDG E & G,CN,Construction,20100,General Requirements,20115,Mobilize/Demobilize, Travel,4/13/2018 11:07:03 AM,4/13/2018 11:07:03 AM,31740,31740,I,A,01/01/1901,01-MAR-2013,01-MAR-2023,11721,,,,50
DSS000000137008,*DOT 2012-13 HIST PROP CHILD,CN,Construction,20100,General Requirements,20120,On-Site Working Trade Supv,4/13/2018 11:07:03 AM,4/13/2018 11:07:03 AM,31740,31740,I,A,01/01/1901,01-JUL-2013,30-JUN-2051,11721,,,,50
DSS000000137008,*DOT 2012-13 HIST PROP CHILD,CN,Construction,22300,HVAC,,,4/13/2018 11:07:03 AM,4/13/2018 11:07:03 AM,31740,31740,I,A,01/01/1901,01-JUL-2013,30-JUN-2051,11721,,,,50
DSS000000137010,*DOT 2012-13 HIST CHILD ADMIN,CN,Construction,20100,General Requirements,99999,General,4/13/2018 11:07:03 AM,4/13/2018 11:07:03 AM,31740,31740,I,A,01/01/1901,01-JUL-2013,01-JUL-2018,11721,,,,50
DSS000000137010,*DOT 2012-13 HIST CHILD ADMIN,CN,Construction,20100,General Requirements,20120,On-Site Working Trade Supv,4/13/2018 11:07:03 AM,4/13/2018 11:07:03 AM,31740,31740,I,A,01/01/1901,01-JUL-2013,01-JUL-2018,11721,,,,50
DSS000000137010,*DOT 2012-13 HIST CHILD ADMIN,CN,Construction,22300,HVAC,,,4/13/2018 11:07:03 AM,4/13/2018 11:07:03 AM,31740,31740,I,A,01/01/1901,01-JUL-2013,01-JUL-2018,11721,,,,50
DSS000000137012,*DOT 2012-13 NONHIST CHILD EM,CN,Construction,20100,General Requirements,20130,Pre Constr Project Planning,4/13/2018 11:07:03 AM,4/13/2018 11:07:03 AM,31740,31740,I,A,01/01/1901,01-JUL-2013,01-JUL-2023,11721,,,,50
DSS000000137012,*DOT 2012-13 NONHIST CHILD EM,CN,Construction,22300,HVAC,,,4/13/2018 11:07:03 AM,4/13/2018 11:07:03 AM,31740,31740,I,A,01/01/1901,01-JUL-2013,01-JUL-2023,11721,,,,50
DSS000000137012,*DOT 2012-13 NONHIST CHILD EM,CN,Construction,20100,General Requirements,99999,General,4/13/2018 11:07:03 AM,4/13/2018 11:07:03 AM,31740,31740,I,A,01/01/1901,01-JUL-2013,01-JUL-2023,11721,,,,50
DSS000000137012,*DOT 2012-13 NONHIST CHILD EM,CN,Construction,20100,General Requirements,20120,On-Site Working Trade Supv,4/13/2018 11:07:03 AM,4/13/2018 11:07:03 AM,31740,31740,I,A,01/01/1901,01-JUL-2013,01-JUL-2023,11721,,,,50
DSS000000137013,*DOT 2012-13 NONHIST ADMIN,CN,Construction,20100,General Requirements,99999,General,4/13/2018 11:07:03 AM,4/13/2018 11:07:03 AM,31740,31740,I,I,06/30/2016,01-JUL-2013,31-JAN-2018,11721,,,,50
DSS000000137013,*DOT 2012-13 NONHIST ADMIN,CN,Construction,10005,Contingency,,,4/13/2018 11:07:03 AM,4/13/2018 11:07:03 AM,31740,31740,I,I,06/30/2016,01-JUL-2013,31-JAN-2018,11721,,,,50
DSS000000137013,*DOT 2012-13 NONHIST ADMIN,CN,Construction,20100,General Requirements,20120,On-Site Working Trade Supv,4/13/2018 11:07:03 AM,4/13/2018 11:07:03 AM,31740,31740,I,I,06/30/2016,01-JUL-2013,31-JAN-2018,11721,,,,50
DSS000000137013,*DOT 2012-13 NONHIST ADMIN,CN,Construction,22300,HVAC,,,4/13/2018 11:07:03 AM,4/13/2018 11:07:03 AM,31740,31740,I,I,06/30/2016,01-JUL-2013,31-JAN-2018,11721,,,,50
DSS000000138026,22767,WD,Working Drawings,11000,A & E Design,11125,Civil,4/13/2018 11:07:03 AM,4/13/2018 11:07:03 AM,31740,31740,I,A,01/01/1901,01-OCT-2013,28-JAN-2024,11721,,,,50
DSS000000138104,DMV-SO CAL BLANKET ACCOUNT,CN,Construction,22300,HVAC,,,4/13/2018 11:07:03 AM,4/13/2018 11:07:03 AM,31740,31740,I,A,01/01/1901,07-FEB-2014,07-FEB-2024,11721,,,,50
DSS000000138104,DMV-SO CAL BLANKET ACCOUNT,CN,Construction,20100,General Requirements,20130,Pre Constr Project Planning,4/13/2018 11:07:03 AM,4/13/2018 11:07:03 AM,31740,31740,I,A,01/01/1901,07-FEB-2014,07-FEB-2024,11721,,,,50
DSS000000138104,DMV-SO CAL BLANKET ACCOUNT,CN,Construction,20100,General Requirements,20120,On-Site Working Trade Supv,4/13/2018 11:07:03 AM,4/13/2018 11:07:03 AM,31740,31740,I,A,01/01/1901,07-FEB-2014,07-FEB-2024,11721,,,,50
DSS000000138105,DMV-NOR CAL BLANKET ACCOUNT,CN,Construction,20400,Masonry,20410,Concrete Unit Masonry,4/13/2018 11:07:03 AM,4/13/2018 11:07:03 AM,31740,31740,I,A,01/01/1901,07-FEB-2014,07-FEB-2024,11721,,,,50
DSS000000138105,DMV-NOR CAL BLANKET ACCOUNT,CN,Construction,20600,Wood, Plastic & Composites,20610,Wood Framing,4/13/2018 11:07:03 AM,4/13/2018 11:07:03 AM,31740,31740,I,A,01/01/1901,07-FEB-2014,07-FEB-2024,11721,,,,50
DSS000000138105,DMV-NOR CAL BLANKET ACCOUNT,CN,Construction,20100,General Requirements,20140,Purchase/Contracts/Bid Prep,4/13/2018 11:07:03 AM,4/13/2018 11:07:03 AM,31740,31740,I,A,01/01/1901,07-FEB-2014,07-FEB-2024,11721,,,,50
DSS000000138105,DMV-NOR CAL BLANKET ACCOUNT,CN,Construction,20900,Finishes,99999,General,4/13/2018 11:07:03 AM,4/13/2018 11:07:03 AM,31740,31740,I,A,01/01/1901,07-FEB-2014,07-FEB-2024,11721,,,,50
DSS000000138105,DMV-NOR CAL BLANKET ACCOUNT,CN,Construction,20700,Thermal & Moisture Protection,20710,Siding,4/13/2018 11:07:03 AM,4/13/2018 11:07:03 AM,31740,31740,I,A,01/01/1901,07-FEB-2014,07-FEB-2024,11721,,,,50
DSS000000138105,DMV-NOR CAL BLANKET ACCOUNT,CN,Construction,20100,General Requirements,20120,On-Site Working Trade Supv,4/13/2018 11:07:03 AM,4/13/2018 11:07:03 AM,31740,31740,I,A,01/01/1901,07-FEB-2014,07-FEB-2024,11721,,,,50
DSS000000138105,DMV-NOR CAL BLANKET ACCOUNT,CN,Construction,20100,General Requirements,20155,Vehicle Cost,4/13/2018 11:07:03 AM,4/13/2018 11:07:03 AM,31740,31740,I,A,01/01/1901,07-FEB-2014,07-FEB-2024,11721,,,,50
DSS000000138105,DMV-NOR CAL BLANKET ACCOUNT,CN,Construction,21000,Specialties,21010,Signage,4/13/2018 11:07:03 AM,4/13/2018 11:07:03 AM,31740,31740,I,A,01/01/1901,07-FEB-2014,07-FEB-2024,11721,,,,50
DSS000000138105,DMV-NOR CAL BLANKET ACCOUNT,CN,Construction,21000,Specialties,21020,Toilet Compartments/Accessory,4/13/2018 11:07:03 AM,4/13/2018 11:07:03 AM,31740,31740,I,A,01/01/1901,07-FEB-2014,07-FEB-2024,11721,,,,50
DSS000000138105,DMV-NOR CAL BLANKET ACCOUNT,CN,Construction,20400,Masonry,99999,General,4/13/2018 11:07:03 AM,4/13/2018 11:07:03 AM,31740,31740,I,A,01/01/1901,07-FEB-2014,07-FEB-2024,11721,,,,50
DSS000000138105,DMV-NOR CAL BLANKET ACCOUNT,CN,Construction,20100,General Requirements,20110,Final Cleaning,4/13/2018 11:07:03 AM,4/13/2018 11:07:03 AM,31740,31740,I,A,01/01/1901,07-FEB-2014,07-FEB-2024,11721,,,,50
DSS000000138105,DMV-NOR CAL BLANKET ACCOUNT,CN,Construction,20900,Finishes,20930,Flooring,4/13/2018 11:07:03 AM,4/13/2018 11:07:03 AM,31740,31740,I,A,01/01/1901,07-FEB-2014,07-FEB-2024,11721,,,,50
DSS000000138105,DMV-NOR CAL BLANKET ACCOUNT,CN,Construction,20700,Thermal & Moisture Protection,20720,Roofing & Accessories,4/13/2018 11:07:03 AM,4/13/2018 11:07:03 AM,31740,31740,I,A,01/01/1901,07-FEB-2014,07-FEB-2024,11721,,,,50
DSS000000138105,DMV-NOR CAL BLANKET ACCOUNT,CN,Construction,22600,Electrical,,,4/13/2018 11:07:03 AM,4/13/2018 11:07:03 AM,31740,31740,I,A,01/01/1901,07-FEB-2014,07-FEB-2024,11721,,,,50
DSS000000138105,DMV-NOR CAL BLANKET ACCOUNT,CN,Construction,20100,General Requirements,20130,Pre Constr Project Planning,4/13/2018 11:07:03 AM,4/13/2018 11:07:03 AM,31740,31740,I,A,01/01/1901,07-FEB-2014,07-FEB-2024,11721,,,,50
DSS000000138105,DMV-NOR CAL BLANKET ACCOUNT,CN,Construction,20700,Thermal & Moisture Protection,99999,General,4/13/2018 11:07:03 AM,4/13/2018 11:07:03 AM,31740,31740,I,A,01/01/1901,07-FEB-2014,07-FEB-2024,11721,,,,50
DSS000000138105,DMV-NOR CAL BLANKET ACCOUNT,CN,Construction,20600,Wood, Plastic & Composites,20630,Misc. Finished Plastic,4/13/2018 11:07:03 AM,4/13/2018 11:07:03 AM,31740,31740,I,A,01/01/1901,07-FEB-2014,07-FEB-2024,11721,,,,50
DSS000000138105,DMV-NOR CAL BLANKET ACCOUNT,CN,Construction,20900,Finishes,20910,Gyp Bd & Plastering,4/13/2018 11:07:03 AM,4/13/2018 11:07:03 AM,31740,31740,I,A,01/01/1901,07-FEB-2014,07-FEB-2024,11721,,,,50
DSS000000138105,DMV-NOR CAL BLANKET ACCOUNT,CN,Construction,22200,Plumbing,,,4/13/2018 11:07:03 AM,4/13/2018 11:07:03 AM,31740,31740,I,A,01/01/1901,07-FEB-2014,07-FEB-2024,11721,,,,50
DSS000000138105,DMV-NOR CAL BLANKET ACCOUNT,CN,Construction,20100,General Requirements,20125,Permits-Local/State Regulator,4/13/2018 11:07:03 AM,4/13/2018 11:07:03 AM,31740,31740,I,A,01/01/1901,07-FEB-2014,07-FEB-2024,11721,,,,50
DSS000000138105,DMV-NOR CAL BLANKET ACCOUNT,CN,Construction,20100,General Requirements,20115,Mobilize/Demobilize, Travel,4/13/2018 11:07:03 AM,4/13/2018 11:07:03 AM,31740,31740,I,A,01/01/1901,07-FEB-2014,07-FEB-2024,11721,,,,50
DSS000000138105,DMV-NOR CAL BLANKET ACCOUNT,CN,Construction,20500,Metals,20510,Metal Specialties,4/13/2018 11:07:03 AM,4/13/2018 11:07:03 AM,31740,31740,I,A,01/01/1901,07-FEB-2014,07-FEB-2024,11721,,,,50
DSS000000138105,DMV-NOR CAL BLANKET ACCOUNT,CN,Construction,20800,Openings,20810,Doors,4/13/2018 11:07:03 AM,4/13/2018 11:07:03 AM,31740,31740,I,A,01/01/1901,07-FEB-2014,07-FEB-2024,11721,,,,50
DSS000000138105,DMV-NOR CAL BLANKET ACCOUNT,CN,Construction,20100,General Requirements,20160,QA/QC, Proj Mtgs/Rpts/Update,4/13/2018 11:07:03 AM,4/13/2018 11:07:03 AM,31740,31740,I,A,01/01/1901,07-FEB-2014,07-FEB-2024,11721,,,,50
DSS000000138105,DMV-NOR CAL BLANKET ACCOUNT,CN,Construction,20500,Metals,99999,General,4/13/2018 11:07:03 AM,4/13/2018 11:07:03 AM,31740,31740,I,A,01/01/1901,07-FEB-2014,07-FEB-2024,11721,,,,50
DSS000000138105,DMV-NOR CAL BLANKET ACCOUNT,CN,Construction,20200,Existing Conditions,99999,General,4/13/2018 11:07:03 AM,4/13/2018 11:07:03 AM,31740,31740,I,A,01/01/1901,07-FEB-2014,07-FEB-2024,11721,,,,50
DSS000000138105,DMV-NOR CAL BLANKET ACCOUNT,CN,Construction,20100,General Requirements,20145,Reconcile/Close Out/Archiving,4/13/2018 11:07:03 AM,4/13/2018 11:07:03 AM,31740,31740,I,A,01/01/1901,07-FEB-2014,07-FEB-2024,11721,,,,50
DSS000000138105,DMV-NOR CAL BLANKET ACCOUNT,CN,Construction,20600,Wood, Plastic & Composites,20620,Mill Work Moldings,4/13/2018 11:07:03 AM,4/13/2018 11:07:03 AM,31740,31740,I,A,01/01/1901,07-FEB-2014,07-FEB-2024,11721,,,,50
DSS000000138105,DMV-NOR CAL BLANKET ACCOUNT,CN,Construction,20200,Existing Conditions,20220,Rubbish Handling,4/13/2018 11:07:03 AM,4/13/2018 11:07:03 AM,31740,31740,I,A,01/01/1901,07-FEB-2014,07-FEB-2024,11721,,,,50
DSS000000138105,DMV-NOR CAL BLANKET ACCOUNT,CN,Construction,20200,Existing Conditions,20230,Asbestos/Lead/Mold Removal,4/13/2018 11:07:03 AM,4/13/2018 11:07:03 AM,31740,31740,I,A,01/01/1901,07-FEB-2014,07-FEB-2024,11721,,,,50
DSS000000138105,DMV-NOR CAL BLANKET ACCOUNT,CN,Construction,20100,General Requirements,20150,Safety Mtgs w/ Work Crew,4/13/2018 11:07:03 AM,4/13/2018 11:07:03 AM,31740,31740,I,A,01/01/1901,07-FEB-2014,07-FEB-2024,11721,,,,50
DSS000000138105,DMV-NOR CAL BLANKET ACCOUNT,CN,Construction,20900,Finishes,20920,Suspended Ceiling,4/13/2018 11:07:03 AM,4/13/2018 11:07:03 AM,31740,31740,I,A,01/01/1901,07-FEB-2014,07-FEB-2024,11721,,,,50
DSS000000138105,DMV-NOR CAL BLANKET ACCOUNT,CN,Construction,20300,Concrete,20310,Concrete in Place,4/13/2018 11:07:03 AM,4/13/2018 11:07:03 AM,31740,31740,I,A,01/01/1901,07-FEB-2014,07-FEB-2024,11721,,,,50
DSS000000138105,DMV-NOR CAL BLANKET ACCOUNT,CN,Construction,20200,Existing Conditions,20240,Toxic Encapsulation,4/13/2018 11:07:03 AM,4/13/2018 11:07:03 AM,31740,31740,I,A,01/01/1901,07-FEB-2014,07-FEB-2024,11721,,,,50
DSS000000138105,DMV-NOR CAL BLANKET ACCOUNT,CN,Construction,20800,Openings,99999,General,4/13/2018 11:07:03 AM,4/13/2018 11:07:03 AM,31740,31740,I,A,01/01/1901,07-FEB-2014,07-FEB-2024,11721,,,,50
DSS000000138105,DMV-NOR CAL BLANKET ACCOUNT,CN,Construction,22300,HVAC,,,4/13/2018 11:07:03 AM,4/13/2018 11:07:03 AM,31740,31740,I,A,01/01/1901,07-FEB-2014,07-FEB-2024,11721,,,,50
DSS000000138105,DMV-NOR CAL BLANKET ACCOUNT,CN,Construction,20600,Wood, Plastic & Composites,99999,General,4/13/2018 11:07:03 AM,4/13/2018 11:07:03 AM,31740,31740,I,A,01/01/1901,07-FEB-2014,07-FEB-2024,11721,,,,50
DSS000000138105,DMV-NOR CAL BLANKET ACCOUNT,CN,Construction,20800,Openings,20820,Windows,4/13/2018 11:07:03 AM,4/13/2018 11:07:03 AM,31740,31740,I,A,01/01/1901,07-FEB-2014,07-FEB-2024,11721,,,,50
DSS000000138105,DMV-NOR CAL BLANKET ACCOUNT,CN,Construction,20300,Concrete,99999,General,4/13/2018 11:07:03 AM,4/13/2018 11:07:03 AM,31740,31740,I,A,01/01/1901,07-FEB-2014,07-FEB-2024,11721,,,,50
DSS000000138105,DMV-NOR CAL BLANKET ACCOUNT,CN,Construction,20900,Finishes,20940,Painting,4/13/2018 11:07:03 AM,4/13/2018 11:07:03 AM,31740,31740,I,A,01/01/1901,07-FEB-2014,07-FEB-2024,11721,,,,50
DSS000000138105,DMV-NOR CAL BLANKET ACCOUNT,CN,Construction,20100,General Requirements,99999,General,4/13/2018 11:07:03 AM,4/13/2018 11:07:03 AM,31740,31740,I,A,01/01/1901,07-FEB-2014,07-FEB-2024,11721,,,,50
DSS000000138105,DMV-NOR CAL BLANKET ACCOUNT,CN,Construction,20100,General Requirements,20135,Per Diem -Field Personnel,4/13/2018 11:07:03 AM,4/13/2018 11:07:03 AM,31740,31740,I,A,01/01/1901,07-FEB-2014,07-FEB-2024,11721,,,,50
DSS000000138105,DMV-NOR CAL BLANKET ACCOUNT,CN,Construction,20200,Existing Conditions,20210,Demolition,4/13/2018 11:07:03 AM,4/13/2018 11:07:03 AM,31740,31740,I,A,01/01/1901,07-FEB-2014,07-FEB-2024,11721,,,,50
DSS000000138105,DMV-NOR CAL BLANKET ACCOUNT,CN,Construction,21000,Specialties,99999,General,4/13/2018 11:07:03 AM,4/13/2018 11:07:03 AM,31740,31740,I,A,01/01/1901,07-FEB-2014,07-FEB-2024,11721,,,,50
DSS000000138105,DMV-NOR CAL BLANKET ACCOUNT,CN,Construction,23100,Earthwork,,,4/13/2018 11:07:03 AM,4/13/2018 11:07:03 AM,31740,31740,I,A,01/01/1901,07-FEB-2014,07-FEB-2024,11721,,,,50
DSS000000141546,151224/DDS/Studies,ST,Study,17000,Environmental Services,17200,Environmental Planning,4/13/2018 11:07:03 AM,4/13/2018 11:07:03 AM,31740,31740,I,A,01/01/1901,01-DEC-2015,01-DEC-2025,11721,,,,50
DSS000000141546,151224/DDS/Studies,ST,Study,17000,Environmental Services,17300,Environmental Project Mgmt,4/13/2018 11:07:03 AM,4/13/2018 11:07:03 AM,31740,31740,I,A,01/01/1901,01-DEC-2015,01-DEC-2025,11721,,,,50
DSS000000141645,*160125, DSS, AppRvw,RT,Review Transaction,49004,Appraisal Review,,,4/13/2018 11:07:03 AM,4/13/2018 11:07:03 AM,31740,31740,I,A,01/01/1901,01-JAN-2016,30-JUN-2051,11721,,,,50
DSS000000142046,160420, DDS, LTGL,ST,Study,17000,Environmental Services,17300,Environmental Project Mgmt,4/13/2018 11:07:03 AM,4/13/2018 11:07:03 AM,31740,31740,I,A,01/01/1901,01-APR-2016,01-APR-2026,11721,,,,50
DSS00000117788A,*040618 DDS Surplus Sales,AQ,Acquisition,17000,Environmental Services,17200,Environmental Planning,4/13/2018 11:07:03 AM,4/13/2018 11:07:03 AM,31740,31740,I,A,01/01/1901,01-NOV-2005,30-JUN-2051,11721,,,,50
DSS00000117788A,*040618 DDS Surplus Sales,ST,Study,17000,Environmental Services,17200,Environmental Planning,4/13/2018 11:07:03 AM,4/13/2018 11:07:03 AM,31740,31740,I,A,01/01/1901,01-NOV-2005,30-JUN-2051,11721,,,,50
DSS000000112892,*020211 DPRDiabloVistaDistrict,CN,Construction,20300,Concrete,99999,General,4/13/2018 11:07:03 AM,4/13/2018 11:07:03 AM,31740,31740,I,A,01/01/1901,11-FEB-2002,01-OCT-2017,11721,,,,50
DSS000000112892,*020211 DPRDiabloVistaDistrict,CN,Construction,20100,General Requirements,20120,On-Site Working Trade Supv,4/13/2018 11:07:03 AM,4/13/2018 11:07:03 AM,31740,31740,I,A,01/01/1901,11-FEB-2002,01-OCT-2017,11721,,,,50
DSS000000112892,*020211 DPRDiabloVistaDistrict,CN,Construction,20200,Existing Conditions,20230,Asbestos/Lead/Mold Removal,4/13/2018 11:07:03 AM,4/13/2018 11:07:03 AM,31740,31740,I,A,01/01/1901,11-FEB-2002,01-OCT-2017,11721,,,,50
DSS000000112892,*020211 DPRDiabloVistaDistrict,CN,Construction,20700,Thermal & Moisture Protection,20720,Roofing & Accessories,4/13/2018 11:07:03 AM,4/13/2018 11:07:03 AM,31740,31740,I,A,01/01/1901,11-FEB-2002,01-OCT-2017,11721,,,,50
DSS000000112892,*020211 DPRDiabloVistaDistrict,CN,Construction,20300,Concrete,20310,Concrete in Place,4/13/2018 11:07:03 AM,4/13/2018 11:07:03 AM,31740,31740,I,A,01/01/1901,11-FEB-2002,01-OCT-2017,11721,,,,50
DSS000000112892,*020211 DPRDiabloVistaDistrict,MT,Maintenance,57000,Building Maintenance,57006,Locksmith,4/13/2018 11:07:03 AM,4/13/2018 11:07:03 AM,31740,31740,I,A,04/01/2017,11-FEB-2002,01-OCT-2017,11721,,,,50
DSS000000112892,*020211 DPRDiabloVistaDistrict,CN,Construction,20100,General Requirements,20140,Purchase/Contracts/Bid Prep,4/13/2018 11:07:03 AM,4/13/2018 11:07:03 AM,31740,31740,I,A,01/01/1901,11-FEB-2002,01-OCT-2017,11721,,,,50
DSS000000112892,*020211 DPRDiabloVistaDistrict,CN,Construction,20400,Masonry,99999,General,4/13/2018 11:07:03 AM,4/13/2018 11:07:03 AM,31740,31740,I,A,01/01/1901,11-FEB-2002,01-OCT-2017,11721,,,,50
DSS000000112892,*020211 DPRDiabloVistaDistrict,CN,Construction,20800,Openings,20820,Windows,4/13/2018 11:07:03 AM,4/13/2018 11:07:03 AM,31740,31740,I,A,01/01/1901,11-FEB-2002,01-OCT-2017,11721,,,,50
DSS000000112892,*020211 DPRDiabloVistaDistrict,CN,Construction,20100,General Requirements,20125,Permits-Local/State Regulator,4/13/2018 11:07:03 AM,4/13/2018 11:07:03 AM,31740,31740,I,A,01/01/1901,11-FEB-2002,01-OCT-2017,11721,,,,50
DSS000000112892,*020211 DPRDiabloVistaDistrict,MT,Maintenance,57000,Building Maintenance,57011,Cleaning,4/13/2018 11:07:03 AM,4/13/2018 11:07:03 AM,31740,31740,I,A,04/01/2017,11-FEB-2002,01-OCT-2017,11721,,,,50
DSS000000112892,*020211 DPRDiabloVistaDistrict,CN,Construction,20600,Wood, Plastic & Composites,20630,Misc. Finished Plastic,4/13/2018 11:07:03 AM,4/13/2018 11:07:03 AM,31740,31740,I,A,01/01/1901,11-FEB-2002,01-OCT-2017,11721,,,,50
DSS000000112892,*020211 DPRDiabloVistaDistrict,CN,Construction,20100,General Requirements,20155,Vehicle Cost,4/13/2018 11:07:03 AM,4/13/2018 11:07:03 AM,31740,31740,I,A,01/01/1901,11-FEB-2002,01-OCT-2017,11721,,,,50
DSS000000112892,*020211 DPRDiabloVistaDistrict,CN,Construction,20900,Finishes,99999,General,4/13/2018 11:07:03 AM,4/13/2018 11:07:03 AM,31740,31740,I,A,01/01/1901,11-FEB-2002,01-OCT-2017,11721,,,,50
DSS000000112892,*020211 DPRDiabloVistaDistrict,CN,Construction,20100,General Requirements,20110,Final Cleaning,4/13/2018 11:07:03 AM,4/13/2018 11:07:03 AM,31740,31740,I,A,01/01/1901,11-FEB-2002,01-OCT-2017,11721,,,,50
